filename,label
100_char0.png,DELETE
101_char0.png,U1107
102_char0.png,U63637
103_char0.png,L155
104_char0.png,R585
105_char0.png,P454
106_char0.png,S771
107_char0.png,Q232
109_char0.png,J303
10_char0.png,U6310
110_char0.png,H1811
111_char0.png,O889
112_char0.png,Q898
113_char0.png,U1811
114_char0.png,U1411
115_char0.png,R4414
116_char0.png,T566
117_char0.png,L550
118_char0.png,P778
119_char0.png,V311
11_char0.png,U31200
120_char0.png,G2009
121_char0.png,X80047
122_char0.png,V55055
123_char0.png,O5502
124_char0.png,T40404
125_char0.png,U611
126_char0.png,R70000
127_char0.png,P8711
128_char0.png,E5911
129_char0.png,A4717
12_char0.png,K97009
130_char0.png,X40036
131_char0.png,R8411
132_char0.png,D96669
133_char0.png,X40036
134_char0.png,V311
135_char0.png,O5502
136_char0.png,A4717
137_char0.png,E70000
138_char0.png,E6911
13_char0.png,U32132
140_char0.png,L7346
141_char0.png,G56757
142_char0.png,W50561
143_char0.png,A14466
144_char0.png,C2491
145_char0.png,D50561
146_char0.png,B82403
147_char0.png,X54678
148_char0.png,U30344
149_char0.png,S84055
14_char0.png,T20010
150_char0.png,H68880
151_char0.png,I68860
152_char0.png,X80091
153_char0.png,Q4835
154_char0.png,U4607
155_char0.png,Q90700
156_char0.png,V6660
157_char0.png,P22220
158_char0.png,L66660
159_char0.png,S17111
15_char0.png,U57005
160_char0.png,M34000
161_char0.png,M5553
162_char0.png,G6663
163_char0.png,R17111
164_char0.png,O11171
165_char0.png,P33330
166_char0.png,L1131
167_char0.png,V309
168_char0.png,V308
169_char0.png,X1717
16_char0.png,U97009
170_char0.png,V17000
171_char0.png,V88880
172_char0.png,Q50005
173_char0.png,S1919
174_char0.png,R1818
175_char0.png,V30003
176_char0.png,H1414
177_char0.png,P1515
178_char0.png,K97009
179_char0.png,R88558
17_char0.png,U96009
180_char0.png,V33033
181_char0.png,O8121
182_char0.png,Q96911
183_char0.png,R22559
184_char0.png,L5135
185_char0.png,L5121
186_char0.png,U13012
187_char0.png,S3228
188_char0.png,X91120
189_char0.png,U31233
18_char0.png,X50433
190_char0.png,U45811
191_char0.png,Q4121
192_char0.png,U5690
193_char0.png,P8121
194_char0.png,X32021
195_char0.png,N85858
196_char0.png,K96911
197_char0.png,I44554
198_char0.png,V21232
199_char0.png,H90407
19_char0.png,H79111
1_char0.png,P12034
200_char0.png,N5121
201_char0.png,D77988
202_char0.png,S8918
203_char0.png,R9803
204_char0.png,Q8121
205_char0.png,L8121
206_char0.png,I31132
207_char0.png,R7669
208_char0.png,F67006
209_char0.png,X32342
20_char0.png,C5038
210_char0.png,R6552
212_char0.png,X89099
213_char0.png,J1820
214_char0.png,U22101
215_char0.png,X78768
216_char0.png,R84881
217_char0.png,G72722
218_char0.png,S3227
21_char0.png,I9269
220_char0.png,U23112
221_char0.png,F62260
222_char0.png,K5121
223_char0.png,R7022
224_char0.png,R6553
225_char0.png,W21232
226_char0.png,R51118
227_char0.png,Q5121
228_char0.png,U8804
229_char0.png,T9102
22_char0.png,C8057
230_char0.png,M11151
231_char0.png,H2306
232_char0.png,X32021
233_char0.png,S5117
234_char0.png,S6405
235_char0.png,W21232
236_char0.png,E6791
237_char0.png,R6729
238_char0.png,U13012
239_char0.png,S3601
23_char0.png,X6363
240_char0.png,S5135
241_char0.png,V21232
242_char0.png,Q5385
243_char0.png,U57005
244_char0.png,U60096
245_char0.png,U31200
246_char0.png,U10234
24_char0.png,S4616
25_char0.png,A77743
26_char0.png,Q2416
27_char0.png,K12111
28_char0.png,M2942
29_char0.png,T12111
2_char0.png,U97009
30_char0.png,M44460
31_char0.png,M76767
32_char0.png,O44410
33_char0.png,M6826
34_char0.png,M2492
35_char0.png,I72972
36_char0.png,M57275
37_char0.png,Q88558
38_char0.png,H39933
39_char0.png,O88558
3_char0.png,U12034
40_char0.png,G22552
41_char0.png,K20220
42_char0.png,M66543
43_char0.png,H99009
44_char0.png,J2161
45_char0.png,R2269
46_char0.png,T43210
47_char0.png,V33033
48_char0.png,R7669
49_char0.png,O8069
4_char0.png,U60036
50_char0.png,R7022
51_char0.png,U3341
52_char0.png,N85858
53_char0.png,Q6760
54_char0.png,L5577
55_char0.png,R9663
56_char0.png,Q5385
57_char0.png,M8336
58_char0.png,R3881
5_char0.png,U4104
60_char0.png,J3673
61_char0.png,R7551
62_char0.png,F8148
63_char0.png,J9209
64_char0.png,M5447
65_char0.png,C12523
66_char0.png,D44474
67_char0.png,C12153
68_char0.png,O20202
69_char0.png,L22270
6_char0.png,W12034
70_char0.png,F47860
71_char0.png,I95558
72_char0.png,B83335
73_char0.png,I7794
74_char0.png,C5624
75_char0.png,H9699
76_char0.png,H5272
77_char0.png,O9470
78_char0.png,V67686
79_char0.png,O64460
7_char0.png,U60036
80_char0.png,T66552
81_char0.png,D7430
82_char0.png,K94994
83_char0.png,T63637
84_char0.png,DELETE
85_char0.png,U1140
86_char0.png,U63638
87_char0.png,U1170
88_char0.png,U1601
89_char0.png,P96644
8_char0.png,U60096
90_char0.png,S88553
91_char0.png,E44558
92_char0.png,Q55885
93_char0.png,L1131
94_char0.png,L1287
95_char0.png,J88558
96_char0.png,L1722
98_char0.png,A6158
99_char0.png,C5316
9_char0.png,M12234
